{
    "basque": {
        "1": {
            "eval_accuracy": 0.512997567653656,
            "eval_loss": 2.6019346714019775,
            "step": 2000
        },
        "2": {
            "eval_accuracy": 0.5142214894294739,
            "eval_loss": 2.603015661239624,
            "seed": 22,
            "step": 2000
        },
        "3": {
            "eval_accuracy": 0.49960091710090637,
            "eval_loss": 2.6891660690307617,
            "seed": 33,
            "step": 2000
        },
        "4": {
            "eval_accuracy": 0.4555529057979584,
            "eval_loss": 2.873296022415161,
            "seed": 44,
            "step": 800
        },
        "5": {
            "eval_accuracy": 0.5301058888435364,
            "eval_loss": 2.5135483741760254,
            "seed": 55,
            "step": 1800
        },
        "best": "5"
    },
    "english": {
        "1": {
            "eval_accuracy": 0.4822639524936676,
            "eval_loss": 2.8468501567840576,
            "step": 1800
        },
        "2": {
            "eval_accuracy": 0.48380082845687866,
            "eval_loss": 2.8271350860595703,
            "seed": 22,
            "step": 2000
        },
        "3": {
            "eval_accuracy": 0.4548826813697815,
            "eval_loss": 2.959657669067383,
            "seed": 33,
            "step": 1800
        },
        "4": {
            "eval_accuracy": 0.4941527247428894,
            "eval_loss": 2.785829544067383,
            "seed": 44,
            "step": 1800
        },
        "5": {
            "eval_accuracy": 0.4645279347896576,
            "eval_loss": 2.941945791244507,
            "seed": 55,
            "step": 2000
        },
        "best": "4"
    },
    "finnish": {
        "1": {
            "eval_accuracy": 0.4180782437324524,
            "eval_loss": 3.369009256362915,
            "step": 1800
        },
        "2": {
            "eval_accuracy": 0.4502798318862915,
            "eval_loss": 3.153046131134033,
            "seed": 22,
            "step": 2000
        },
        "3": {
            "eval_accuracy": 0.44531410932540894,
            "eval_loss": 3.191088914871216,
            "seed": 33,
            "step": 600
        },
        "4": {
            "eval_accuracy": 0.4562411904335022,
            "eval_loss": 3.121152400970459,
            "seed": 44,
            "step": 1800
        },
        "5": {
            "eval_accuracy": 0.4572746455669403,
            "eval_loss": 3.1208927631378174,
            "seed": 55,
            "step": 2000
        },
        "best": "5"
    },
    "french": {
        "1": {
            "eval_accuracy": 0.5654429197311401,
            "eval_loss": 2.248547077178955,
            "seed": 11,
            "step": 1800
        },
        "2": {
            "eval_accuracy": 0.4792954623699188,
            "eval_loss": 2.7068822383880615,
            "seed": 22,
            "step": 200
        },
        "3": {
            "eval_accuracy": 0.5259363651275635,
            "eval_loss": 2.44523549079895,
            "seed": 33,
            "step": 600
        },
        "4": {
            "eval_accuracy": 0.5155618786811829,
            "eval_loss": 2.514503240585327,
            "seed": 44,
            "step": 2000
        },
        "5": {
            "eval_accuracy": 0.5285077095031738,
            "eval_loss": 2.43342661857605,
            "seed": 55,
            "step": 2000
        },
        "best": "1"
    },
    "german": {
        "1": {
            "eval_accuracy": 0.42025864124298096,
            "eval_loss": 3.232867956161499,
            "seed": 11,
            "step": 1400
        },
        "2": {
            "eval_accuracy": 0.4848979413509369,
            "eval_loss": 2.818570852279663,
            "seed": 22,
            "step": 1800
        },
        "3": {
            "eval_accuracy": 0.4818553328514099,
            "eval_loss": 2.842325210571289,
            "seed": 33,
            "step": 2000
        },
        "4": {
            "eval_accuracy": 0.4107346534729004,
            "eval_loss": 3.2970235347747803,
            "seed": 44,
            "step": 200
        },
        "5": {
            "eval_accuracy": 0.4121767580509186,
            "eval_loss": 3.253789186477661,
            "seed": 55,
            "step": 1800
        },
        "best": "2"
    },
    "greek_modern": {
        "1": {
            "eval_accuracy": 0.5454244017601013,
            "eval_loss": 2.2737059593200684,
            "seed": 11,
            "step": 1600
        },
        "2": {
            "eval_accuracy": 0.523967444896698,
            "eval_loss": 2.3855409622192383,
            "seed": 22,
            "step": 2000
        },
        "3": {
            "eval_accuracy": 0.5545424222946167,
            "eval_loss": 2.2529025077819824,
            "seed": 33,
            "step": 2000
        },
        "4": {
            "eval_accuracy": 0.5557029247283936,
            "eval_loss": 2.2427797317504883,
            "seed": 44,
            "step": 2000
        },
        "5": {
            "eval_accuracy": 0.5201780796051025,
            "eval_loss": 2.4130799770355225,
            "seed": 55,
            "step": 600
        },
        "best": "4"
    },
    "hebrew_modern": {
        "1": {
            "eval_accuracy": 0.5231155157089233,
            "eval_loss": 2.4709136486053467,
            "step": 2000
        },
        "2": {
            "eval_accuracy": 0.5111175179481506,
            "eval_loss": 2.531733512878418,
            "seed": 22,
            "step": 2000
        },
        "3": {
            "eval_accuracy": 0.4967014789581299,
            "eval_loss": 2.6061995029449463,
            "seed": 33,
            "step": 1800
        },
        "4": {
            "eval_accuracy": 0.5269790291786194,
            "eval_loss": 2.467900514602661,
            "seed": 44,
            "step": 2000
        },
        "5": {
            "eval_accuracy": 0.5062026977539062,
            "eval_loss": 2.575629949569702,
            "seed": 55,
            "step": 2000
        },
        "best": "4"
    },
    "hindi": {
        "1": {
            "eval_accuracy": 0.49907055497169495,
            "eval_loss": 2.656062364578247,
            "seed": 11,
            "step": 2000
        },
        "2": {
            "eval_accuracy": 0.5147090554237366,
            "eval_loss": 2.5767829418182373,
            "seed": 22,
            "step": 2000
        },
        "3": {
            "eval_accuracy": 0.4841190278530121,
            "eval_loss": 2.74344801902771,
            "seed": 33,
            "step": 1600
        },
        "4": {
            "eval_accuracy": 0.5099811553955078,
            "eval_loss": 2.6090075969696045,
            "seed": 44,
            "step": 1800
        },
        "5": {
            "eval_accuracy": 0.4931977391242981,
            "eval_loss": 2.6917362213134766,
            "seed": 55,
            "step": 2000
        },
        "best": "2"
    },
    "indonesian": {
        "1": {
            "eval_accuracy": 0.5508860349655151,
            "eval_loss": 2.21626877784729,
            "seed": 11,
            "step": 1400
        },
        "2": {
            "eval_accuracy": 0.5553610324859619,
            "eval_loss": 2.199697256088257,
            "seed": 22,
            "step": 2000
        },
        "3": {
            "eval_accuracy": 0.5231083035469055,
            "eval_loss": 2.3473658561706543,
            "seed": 33,
            "step": 1200
        },
        "4": {
            "eval_accuracy": 0.5602400302886963,
            "eval_loss": 2.1709699630737305,
            "seed": 44,
            "step": 1800
        },
        "5": {
            "eval_accuracy": 0.5777957439422607,
            "eval_loss": 2.076235294342041,
            "seed": 55,
            "step": 2000
        },
        "best": "5"
    },
    "japanese": {
        "1": {
            "eval_accuracy": 0.438802570104599,